{"loss": 0.0004444139776751399, "_runtime": 569, "_timestamp": 1642445005, "_step": 2499, "gradients/fc2.bias": {"_type": "histogram", "values": [1.0, 0.0, 0.0, 0.0, 0.0, 0.0, 0.0, 0.0, 0.0, 0.0, 0.0, 0.0, 0.0, 0.0, 0.0, 0.0, 0.0, 0.0, 0.0, 0.0, 0.0, 0.0, 0.0, 0.0, 0.0, 0.0, 0.0, 0.0, 1.0, 0.0, 1.0, 0.0, 1.0, 1.0, 1.0, 1.0, 1.0, 0.0, 0.0, 0.0, 1.0, 0.0, 0.0, 0.0, 0.0, 0.0, 0.0, 0.0, 0.0, 0.0, 0.0, 0.0, 0.0, 0.0, 0.0, 0.0, 0.0, 0.0, 0.0, 0.0, 0.0, 0.0, 0.0, 1.0], "bins": [-0.010180110111832619, -0.009875813499093056, -0.009571515955030918, -0.009267219342291355, -0.008962921798229218, -0.008658625185489655, -0.008354328572750092, -0.008050031028687954, -0.007745734415948391, -0.007441437337547541, -0.00713714025914669, -0.006832843646407127, -0.006528546568006277, -0.006224249489605427, -0.0059199524112045765, -0.005615655332803726, -0.005311358254402876, -0.005007061176002026, -0.004702764097601175, -0.004398467019200325, -0.004094170406460762, -0.0037898733280599117, -0.0034855762496590614, -0.003181279404088855, -0.002876982092857361, -0.0025726850144565105, -0.002268388168886304, -0.0019640910904854536, -0.0016597941284999251, -0.0013554971665143967, -0.0010512000881135464, -0.0007469032425433397, -0.0004426063969731331, -0.00013830940588377416, 0.00016598758520558476, 0.00047028460539877415, 0.0007745815673843026, 0.001078878529369831, 0.0013831756077706814, 0.001687472453340888, 0.0019917692989110947, 0.002296066377311945, 0.0026003632228821516, 0.002904660301283002, 0.0032089571468532085, 0.003513254225254059, 0.003817551303654909, 0.004121848382055759, 0.00442614546045661, 0.00473044253885746, 0.00503473961725831, 0.005339036695659161, 0.005643333308398724, 0.005947630386799574, 0.006251927465200424, 0.006556224077939987, 0.006860521622002125, 0.007164818700402975, 0.007469115778803825, 0.007773412391543388, 0.008077709935605526, 0.008382006548345089, 0.008686304092407227, 0.00899060070514679, 0.009294897317886353]}, "gradients/fc2.weight": {"_type": "histogram", "values": [1.0, 0.0, 0.0, 0.0, 1.0, 0.0, 1.0, 0.0, 0.0, 1.0, 0.0, 0.0, 0.0, 0.0, 1.0, 1.0, 2.0, 2.0, 1.0, 3.0, 3.0, 1.0, 1.0, 4.0, 10.0, 5.0, 19.0, 1135.0, 51.0, 12.0, 5.0, 1.0, 1.0, 2.0, 2.0, 2.0, 3.0, 0.0, 1.0, 2.0, 1.0, 0.0, 0.0, 0.0, 2.0, 0.0, 0.0, 0.0, 1.0, 1.0, 0.0, 0.0, 0.0, 0.0, 0.0, 0.0, 0.0, 0.0, 0.0, 0.0, 0.0, 0.0, 0.0, 1.0], "bins": [-0.2240900993347168, -0.21599498391151428, -0.20789988338947296, -0.19980476796627045, -0.19170966744422913, -0.1836145520210266, -0.1755194365978241, -0.16742433607578278, -0.15932923555374146, -0.15123412013053894, -0.14313901960849762, -0.1350439041852951, -0.12694880366325378, -0.11885368824005127, -0.11075858026742935, -0.10266347229480743, -0.09456835687160492, -0.086473248898983, -0.07837814092636108, -0.07028302550315857, -0.06218792125582695, -0.05409281328320503, -0.045997701585292816, -0.0379025936126709, -0.029807478189468384, -0.021712370216846466, -0.013617260381579399, -0.005522150546312332, 0.0025729574263095856, 0.010668065398931503, 0.01876317709684372, 0.026858285069465637, 0.03495338559150696, 0.043048493564128876, 0.05114360153675079, 0.05923871323466301, 0.06733381748199463, 0.07542893290519714, 0.08352404087781906, 0.09161914885044098, 0.0997142493724823, 0.10780935734510422, 0.11590446531772614, 0.12399958074092865, 0.13209468126296997, 0.14018979668617249, 0.148284912109375, 0.15638001263141632, 0.16447512805461884, 0.17257024347782135, 0.18066534399986267, 0.18876045942306519, 0.1968555599451065, 0.20495067536830902, 0.21304577589035034, 0.22114089131355286, 0.22923600673675537, 0.23733112215995789, 0.2454262226819992, 0.2535213232040405, 0.26161643862724304, 0.26971155405044556, 0.27780666947364807, 0.2859017848968506, 0.2939968705177307]}, "gradients/fc1.bias": {"_type": "histogram", "values": [1.0, 0.0, 1.0, 0.0, 0.0, 1.0, 0.0, 0.0, 0.0, 0.0, 0.0, 0.0, 0.0, 1.0, 0.0, 0.0, 0.0, 0.0, 2.0, 0.0, 0.0, 0.0, 0.0, 0.0, 0.0, 1.0, 1.0, 0.0, 2.0, 1.0, 3.0, 3.0, 19.0, 74.0, 5.0, 1.0, 0.0, 3.0, 1.0, 0.0, 1.0, 2.0, 0.0, 0.0, 0.0, 1.0, 0.0, 0.0, 0.0, 0.0, 0.0, 0.0, 0.0, 0.0, 1.0, 1.0, 0.0, 0.0, 0.0, 0.0, 0.0, 1.0, 0.0, 1.0], "bins": [-0.0037430385127663612, -0.003630109131336212, -0.003517179749906063, -0.003404250368475914, -0.003291320987045765, -0.003178391605615616, -0.0030654624570161104, -0.0029525330755859613, -0.0028396036941558123, -0.002726674312725663, -0.002613744931295514, -0.002500815549865365, -0.0023878864012658596, -0.0022749570198357105, -0.0021620276384055614, -0.0020490982569754124, -0.0019361688755452633, -0.0018232394941151142, -0.0017103101126849651, -0.0015973808476701379, -0.0014844514662399888, -0.0013715220848098397, -0.0012585928197950125, -0.0011456634383648634, -0.0010327340569347143, -0.0009198046755045652, -0.0008068753522820771, -0.0006939460290595889, -0.0005810166476294398, -0.00046808726619929075, -0.0003551579429768026, -0.00024222861975431442, -0.000129299471154809, -1.6370118828490376e-05, 9.655923349782825e-05, 0.00020948858582414687, 0.0003224179381504655, 0.00043534731958061457, 0.0005482766428031027, 0.0006612059660255909, 0.00077413534745574, 0.000887064728885889, 0.0009999941103160381, 0.0011129233753308654, 0.0012258527567610145, 0.0013387821381911635, 0.0014517114032059908, 0.0015646407846361399, 0.001677570166066289, 0.001790499547496438, 0.001903428928926587, 0.002016358310356736, 0.0021292874589562416, 0.0022422168403863907, 0.0023551462218165398, 0.002468075603246689, 0.002581004984676838, 0.002693934366106987, 0.002806863747537136, 0.002919793128967285, 0.0030327225103974342, 0.0031456518918275833, 0.0032585810404270887, 0.003371510421857238, 0.003484439803287387]}, "gradients/fc1.weight": {"_type": "histogram", "values": [2.0, 1.0, 2.0, 2.0, 1.0, 4.0, 1.0, 4.0, 8.0, 5.0, 9.0, 16.0, 13.0, 24.0, 27.0, 29.0, 37.0, 48.0, 65.0, 66.0, 79.0, 98.0, 114.0, 132.0, 143.0, 170.0, 190.0, 282.0, 369.0, 479.0, 656.0, 978.0, 2294.0, 13576.0, 1150906.0, 3768.0, 1592.0, 971.0, 599.0, 423.0, 261.0, 216.0, 171.0, 157.0, 140.0, 101.0, 84.0, 81.0, 66.0, 43.0, 32.0, 28.0, 21.0, 14.0, 17.0, 6.0, 6.0, 10.0, 1.0, 3.0, 0.0, 3.0, 3.0, 1.0], "bins": [-0.021403474733233452, -0.020777495577931404, -0.020151518285274506, -0.019525539129972458, -0.01889955997467041, -0.01827358268201351, -0.017647603526711464, -0.017021626234054565, -0.016395647078752518, -0.01576966792345047, -0.015143690630793571, -0.014517711475491524, -0.01389173325151205, -0.013265755027532578, -0.01263977587223053, -0.012013797648251057, -0.011387819424271584, -0.01076184120029211, -0.010135862976312637, -0.00950988382101059, -0.008883905597031116, -0.008257927373051643, -0.007631948683410883, -0.0070059699937701225, -0.006379991769790649, -0.005754013545811176, -0.005128034856170416, -0.0045020561665296555, -0.0038760779425501823, -0.0032500994857400656, -0.002624121028929949, -0.0019981423392891884, -0.0013721659779548645, -0.0007461875211447477, -0.00012020906433463097, 0.0005057693924754858, 0.0011317478492856026, 0.0017577263060957193, 0.002383704762905836, 0.0030096834525465965, 0.0036356616765260696, 0.004261639900505543, 0.004887618590146303, 0.005513597279787064, 0.006139575503766537, 0.00676555372774601, 0.00739153241738677, 0.00801751110702753, 0.008643489331007004, 0.009269467554986477, 0.00989544577896595, 0.010521424934267998, 0.01114740315824747, 0.011773381382226944, 0.012399360537528992, 0.013025338761508465, 0.013651316985487938, 0.014277295209467411, 0.014903273433446884, 0.015529252588748932, 0.01615523174405098, 0.016781209036707878, 0.017407188192009926, 0.018033165484666824, 0.018659144639968872]}, "gradients/conv2.weight": {"_type": "histogram",