{"loss": 0.0002724489604588598, "_runtime": 578, "_timestamp": 1642424322, "_step": 3909, "gradients/fc2.bias": {"_type": "histogram", "values": [1.0, 0.0, 0.0, 0.0, 0.0, 0.0, 0.0, 0.0, 0.0, 0.0, 0.0, 0.0, 0.0, 0.0, 0.0, 0.0, 0.0, 0.0, 0.0, 0.0, 1.0, 0.0, 0.0, 0.0, 0.0, 0.0, 0.0, 1.0, 0.0, 0.0, 0.0, 1.0, 1.0, 2.0, 0.0, 0.0, 0.0, 1.0, 0.0, 0.0, 0.0, 0.0, 1.0, 0.0, 0.0, 0.0, 0.0, 0.0, 0.0, 0.0, 0.0, 0.0, 0.0, 0.0, 0.0, 0.0, 0.0, 0.0, 0.0, 0.0, 0.0, 0.0, 0.0, 1.0], "bins": [-0.015298563055694103, -0.014823047444224358, -0.014347530901432037, -0.013872015289962292, -0.013396498747169971, -0.012920983135700226, -0.012445466592907906, -0.01196995098143816, -0.011494435369968414, -0.011018919758498669, -0.010543403215706348, -0.010067887604236603, -0.009592371061444283, -0.009116855449974537, -0.008641339838504791, -0.008165823295712471, -0.007690306752920151, -0.007214790675789118, -0.006739274598658085, -0.006263758987188339, -0.005788242444396019, -0.005312726832926273, -0.00483721075579524, -0.0043616946786642075, -0.003886179067194462, -0.003410662990063429, -0.002935146912932396, -0.0024596310686320066, -0.0019841149915009737, -0.0015085989143699408, -0.0010330830700695515, -0.0005575669929385185, -8.205045014619827e-05, 0.00039346556877717376, 0.0008689815877005458, 0.001344497548416257, 0.0018200136255472898, 0.002295529702678323, 0.002771045546978712, 0.003246561624109745, 0.0037220781669020653, 0.004197594244033098, 0.004673110321164131, 0.005148625932633877, 0.005624142475426197, 0.006099658086895943, 0.006575174164026976, 0.007050690241158009, 0.007526205852627754, 0.0080017214640975, 0.00847723800688982, 0.008952753618359566, 0.009428270161151886, 0.009903785772621632, 0.010379301384091377, 0.010854817926883698, 0.011330334469676018, 0.011805850081145763, 0.012281366623938084, 0.01275688223540783, 0.01323239877820015, 0.013707914389669895, 0.01418343000113964, 0.014658946543931961, 0.015134462155401707]}, "gradients/fc2.weight": {"_type": "histogram", "values": [1.0, 0.0, 0.0, 0.0, 0.0, 0.0, 0.0, 1.0, 0.0, 0.0, 0.0, 1.0, 0.0, 0.0, 0.0, 2.0, 0.0, 0.0, 0.0, 1.0, 0.0, 3.0, 3.0, 4.0, 2.0, 0.0, 2.0, 2.0, 2.0, 6.0, 1.0, 11.0, 60.0, 1131.0, 16.0, 4.0, 2.0, 3.0, 3.0, 0.0, 2.0, 4.0, 4.0, 2.0, 1.0, 0.0, 1.0, 0.0, 1.0, 0.0, 0.0, 0.0, 0.0, 1.0, 1.0, 0.0, 1.0, 0.0, 0.0, 0.0, 0.0, 0.0, 0.0, 1.0], "bins": [-0.3212120234966278, -0.31149256229400635, -0.3017730712890625, -0.29205361008644104, -0.2823341190814972, -0.27261465787887573, -0.2628951668739319, -0.2531757056713104, -0.24345624446868896, -0.2337367683649063, -0.22401729226112366, -0.2142978310585022, -0.20457835495471954, -0.1948588788509369, -0.18513940274715424, -0.17541992664337158, -0.16570045053958893, -0.15598097443580627, -0.14626149833202362, -0.13654202222824097, -0.1268225610256195, -0.11710308492183685, -0.1073836088180542, -0.09766414016485214, -0.08794465661048889, -0.07822518050670624, -0.06850571185350418, -0.05878623574972153, -0.04906676337122917, -0.039347290992736816, -0.029627814888954163, -0.019908346235752106, -0.010188877582550049, -0.00046940427273511887, 0.009250069037079811, 0.018969543278217316, 0.02868901565670967, 0.038408488035202026, 0.04812796413898468, 0.05784743279218674, 0.0675669014453888, 0.07728637754917145, 0.0870058462023735, 0.09672532230615616, 0.10644479095935822, 0.11616426706314087, 0.12588374316692352, 0.13560321927070618, 0.14532269537448883, 0.15504217147827148, 0.16476164758205414, 0.1744811236858368, 0.18420058488845825, 0.1939200609922409, 0.20363953709602356, 0.21335899829864502, 0.22307848930358887, 0.23279796540737152, 0.24251744151115417, 0.25223690271377563, 0.2619563937187195, 0.27167585492134094, 0.2813953161239624, 0.29111480712890625, 0.3008342683315277]}, "gradients/fc1.bias": {"_type": "histogram", "values": [1.0, 0.0, 0.0, 0.0, 0.0, 1.0, 1.0, 0.0, 0.0, 1.0, 0.0, 1.0, 1.0, 0.0, 0.0, 0.0, 0.0, 0.0, 0.0, 0.0, 1.0, 0.0, 0.0, 0.0, 4.0, 96.0, 2.0, 2.0, 1.0, 1.0, 1.0, 1.0, 1.0, 0.0, 1.0, 1.0, 0.0, 1.0, 0.0, 1.0, 0.0, 0.0, 1.0, 2.0, 0.0, 1.0, 1.0, 0.0, 0.0, 0.0, 0.0, 0.0, 0.0, 0.0, 0.0, 1.0, 0.0, 0.0, 0.0, 1.0, 0.0, 0.0, 0.0, 1.0], "bins": [-0.004265341907739639, -0.004098732024431229, -0.003932122606784105, -0.0037655127234756947, -0.0035989030729979277, -0.0034322934225201607, -0.0032656837720423937, -0.0030990741215646267, -0.002932464238256216, -0.002765854587778449, -0.002599244937300682, -0.0024326350539922714, -0.0022660254035145044, -0.0020994157530367374, -0.0019328061025589705, -0.0017661963356658816, -0.0015995868016034365, -0.0014329771511256695, -0.0012663673842325807, -0.0010997577337548137, -0.0009331480250693858, -0.0007665383163839579, -0.0005999286659061909, -0.00043331889901310205, -0.0002667093649506569, -0.00010009967081714422, 6.651002331636846e-05, 0.0002331197028979659, 0.0003997294115833938, 0.0005663391202688217, 0.0007329487707465887, 0.0008995585376396775, 0.0010661683045327663, 0.0012327779550105333, 0.0013993877219036222, 0.0015659973723813891, 0.001732607139274478, 0.001899216789752245, 0.002065826440230012, 0.002232436090707779, 0.0023990459740161896, 0.0025656556244939566, 0.0027322652749717236, 0.002898875158280134, 0.003065484808757901, 0.003232094459235668, 0.003398704109713435, 0.003565313760191202, 0.003731923410668969, 0.003898533061146736, 0.004065142944455147, 0.00423175236210227, 0.004398362245410681, 0.004564971663057804, 0.004731581546366215, 0.004898191429674625, 0.005064800847321749, 0.005231410730630159, 0.005398020148277283, 0.005564630031585693, 0.005731239449232817, 0.005897849332541227, 0.006064458750188351, 0.006231068633496761, 0.006397678516805172]}, "gradients/fc1.weight": {"_type": "histogram", "values": [1.0, 0.0, 2.0, 1.0, 1.0, 2.0, 3.0, 8.0, 5.0, 10.0, 11.0, 11.0, 22.0, 29.0, 32.0, 36.0, 43.0, 58.0, 71.0, 124.0, 135.0, 149.0, 172.0, 247.0, 320.0, 541.0, 998.0, 2579.0, 1164984.0, 3170.0, 1441.0, 1007.0, 769.0, 552.0, 467.0, 350.0, 295.0, 219.0, 169.0, 148.0, 105.0, 81.0, 61.0, 43.0, 40.0, 30.0, 25.0, 22.0, 7.0, 12.0, 12.0, 7.0, 5.0, 4.0, 6.0, 2.0, 1.0, 0.0, 1.0, 1.0, 0.0, 0.0, 0.0, 1.0], "bins": [-0.0244413111358881, -0.023583099246025085, -0.022724885493516922, -0.021866673603653908, -0.021008459851145744, -0.02015024796128273, -0.019292034208774567, -0.018433822318911552, -0.017575610429048538, -0.016717398539185524, -0.01585918478667736, -0.015000972896814346, -0.014142760075628757, -0.013284547254443169, -0.01242633443325758, -0.011568121612071991, -0.010709908790886402, -0.009851695969700813, -0.008993483148515224, -0.008135270327329636, -0.007277058437466621, -0.0064188456162810326, -0.005560632795095444, -0.004702420439571142, -0.003844207152724266, -0.002985994564369321, -0.0021277819760143757, -0.0012695691548287868, -0.00041135656647384167, 0.0004468560218811035, 0.0013050688430666924, 0.002163281198590994, 0.0030214935541152954, 0.0038797061424702406, 0.004737918730825186, 0.005596131552010775, 0.006454343907535076, 0.007312556728720665, 0.008170769549906254, 0.009028982371091843, 0.009887194260954857, 0.010745407082140446, 0.011603619903326035, 0.012461831793189049, 0.013320044614374638, 0.014178257435560226, 0.015036470256745815, 0.015894683077931404, 0.01675289496779442, 0.017611106857657433, 0.018469320610165596, 0.01932753250002861, 0.020185746252536774, 0.021043958142399788, 0.021902170032262802, 0.022760383784770966, 0.02361859753727913, 0.024476809427142143, 0.025335023179650307, 0.02619323506951332, 0.027051448822021484, 0.0279096607118845, 0.028767872601747513, 0.029626086354255676, 0.03048429824411869]}, "gradients/conv2.weight": {"_type": "histogram", "values": [1.0, 0.0, 0.0, 0.0, 0.0, 1.0, 0.0, 0.0, 1.0, 0.0, 0.0, 1.0, 2.0, 3.0, 2.0, 2.0, 1.0, 4.0, 4.0, 8.0, 7.0, 6.0, 7.0, 16.0, 14.0, 19.0, 20.0, 25.0, 37.0, 55.0, 74.0, 60.0, 90.0, 122.0, 152.0, 228.0, 310.0, 453.0, 631.0, 1167.0, 2199.0, 6198.0, 2252.0, 1478.0, 921.0, 584.0, 411.0, 266.0, 211.0, 113.0, 91.0, 63.0, 38.0, 20.0, 23.0, 11.0, 7.0, 6.0, 1.0, 4.0, 4.0, 2.0, 5.0, 1.0],